{
  "baseline": {
    "coco_ap": 0.4983570710455479,
    "coco_avr": 0.3065176322418136,
    "coco_avr_mean": 0.40538413098236775,
    "coco_pc": {
      "bone_ratio": 0.3110831234256927,
      "joint_angle": 0.06501889168765743,
      "collapse": 0.029282115869017633
    },
    "oc_ap": 0.4363768763609528,
    "oc_avr": 0.48240503379165695,
    "oc_avr_mean": 0.6928454905616407,
    "oc_pc": {
      "bone_ratio": 0.5586110463761361,
      "joint_angle": 0.09927755767886273,
      "collapse": 0.03495688650664181
    }
  },
  "A_pure_E8": {
    "coco_ap": 0.4969291577288911,
    "coco_avr": 0.30163727959697734,
    "coco_avr_mean": 0.39373425692695213,
    "coco_pc": {
      "bone_ratio": 0.30998110831234255,
      "joint_angle": 0.05887909319899244,
      "collapse": 0.02487405541561713
    },
    "oc_ap": 0.4358025779289191,
    "oc_avr": 0.47448147285015146,
    "oc_avr_mean": 0.6749009554882311,
    "oc_pc": {
      "bone_ratio": 0.5562805872756933,
      "joint_angle": 0.09042181309718014,
      "collapse": 0.028198555115357727
    }
  },
  "A_warmup_E1": {
    "coco_ap": 0.49758404537217754,
    "coco_avr": 0.3013224181360202,
    "coco_avr_mean": 0.3929471032745592,
    "coco_pc": {
      "bone_ratio": 0.3047858942065491,
      "joint_angle": 0.06013853904282116,
      "collapse": 0.028022670025188916
    },
    "oc_ap": 0.43729178357034487,
    "oc_avr": 0.4803076206012584,
    "oc_avr_mean": 0.6895828478210208,
    "oc_pc": {
      "bone_ratio": 0.5602423677464461,
      "joint_angle": 0.09345140992775577,
      "collapse": 0.03588907014681892
    }
  }
}