{
  "baseline": {
    "coco_ap": 0.4983570710455479,
    "coco_avr": 0.3065176322418136,
    "oc_ap": 0.4363768763609528,
    "oc_avr": 0.48240503379165695,
    "oc_pc": {
      "bone_ratio": 0.5586110463761361,
      "joint_angle": 0.09927755767886273,
      "collapse": 0.03495688650664181
    },
    "oc_mean": 0.6928454905616407
  },
  "A_pure_E8": {
    "coco_ap": 0.4969291577288911,
    "coco_avr": 0.30163727959697734,
    "oc_ap": 0.4358025779289191,
    "oc_avr": 0.47448147285015146,
    "oc_pc": {
      "bone_ratio": 0.5562805872756933,
      "joint_angle": 0.09042181309718014,
      "collapse": 0.028198555115357727
    },
    "oc_mean": 0.6749009554882311
  },
  "sev_E7": {
    "coco_ap": 0.4964131843234424,
    "coco_avr": 0.2995906801007557,
    "oc_ap": 0.4364517070837008,
    "oc_avr": 0.46912141691913306,
    "oc_pc": {
      "bone_ratio": 0.5429969704031694,
      "joint_angle": 0.09065485900722442,
      "collapse": 0.02540200419482638
    },
    "oc_mean": 0.6590538336052202
  },
  "sev_E8": {
    "coco_ap": 0.4974474258097836,
    "coco_avr": 0.30022040302267,
    "oc_ap": 0.435513942864059,
    "oc_avr": 0.4742484269401072,
    "oc_pc": {
      "bone_ratio": 0.5490561640643207,
      "joint_angle": 0.09251922628757865,
      "collapse": 0.02493591237473782
    },
    "oc_mean": 0.6665113027266372
  }
}